257,"report ",client,53,"Test description"
258,"Johann Hoppe","Harvey Inc",7725,"Aut aut deserunt repellendus non aut veniam. Aliquam rerum maxime non ullam. Beatae repellat non aut esse quo qui. Aperiam totam ipsum quis quod officia."
259,"Roosevelt McKenzie Jr.","Corkery Ltd",2377,"Beatae cumque placeat odit sit neque hic. Qui voluptas voluptatem quis commodi quo culpa in architecto. Minus temporibus animi ratione itaque culpa eum."
260,"Torrey Pollich","Gorczany PLC",5700,"Voluptatem enim quia natus animi voluptas voluptatem. Illum neque dolores voluptatum quis odit."
261,"Kiel Larkin","Sporer, Swaniawski and Dooley",2349,"Occaecati blanditiis nostrum culpa fuga. Ab iste voluptate placeat. Tenetur omnis facilis blanditiis reiciendis vero ratione dolore unde. Sit neque ad sed. Dicta aut quos molestiae dolor in."
262,"Mr. Kevin Lebsack",Johnston-Zulauf,7243,"Quos repellat laboriosam adipisci dolor repellendus. Dolores a quos sint ipsa velit voluptas."
263,"Mrs. Malvina Kuhlman II","Schmidt, Schoen and Hudson",5849,"Accusamus ea nemo sint itaque. Distinctio beatae minus libero ex quaerat cumque in. Sit nisi magni culpa sed aut."
264,"Dr. Liam Carter PhD",Mann-Carroll,6881,"Ratione voluptas esse fuga sed optio magnam. Reiciendis laborum sequi dolor id quisquam. Voluptatibus saepe velit voluptates eos delectus dolore. Fugiat reiciendis sed totam autem maxime in."
265,"Lenny Lubowitz",Cole-O'Kon,1331,"Optio esse iure ducimus quas id ea expedita iste. Numquam quibusdam ut tempore veniam et excepturi. Consequatur dignissimos suscipit officia architecto voluptatibus et et."
266,"Ms. Jackie Gottlieb Sr.",Walter-Becker,3360,"Molestias soluta temporibus et illo. Aut rerum dolorem dolor est error sed. Aut sint et molestias vero labore ducimus. Vero cum ut corrupti eum consequuntur in assumenda."
267,"Remington Friesen","Mueller Group",2530,"Omnis totam fugiat magni id eaque enim maxime aut. Quibusdam illo quisquam vel sunt. Iste maiores voluptatem aspernatur similique eligendi et nam."
268,"Laney Smitham II","Tremblay, Fritsch and Wintheiser",1185,"Voluptas voluptatem voluptatem officia alias molestiae est non. Voluptatibus aut vitae saepe voluptatem eveniet quis. Est illo quam dolores harum."
269,"Casper Mitchell",Bailey-O'Hara,2140,"Necessitatibus est ea alias ex dolor nam. Non nihil magnam nulla tempore harum est odit. Sunt perspiciatis rerum et dolores aperiam doloremque. Repellat consequuntur eveniet reprehenderit et dolorem."
270,"Marietta Smith",Barrows-Flatley,825,"Nemo alias et ab modi et nobis. Et voluptatem iusto numquam non. Iusto voluptates eaque eaque eius est ducimus. Labore itaque repellat voluptate nihil aliquid."
271,"Sean Tromp",Howell-Hauck,6196,"Recusandae eos quibusdam consequatur saepe. Possimus vitae a quo impedit soluta aperiam et. Quo modi est sit quod ipsa tempora."
272,"Mathilde Stoltenberg MD",Kiehn-Greenfelder,8208,"Veritatis eaque quia eligendi dolor numquam vel officia. Expedita incidunt blanditiis rerum non. A pariatur id tempore asperiores velit. Magnam dolor est ut perferendis."
273,"Prof. Rogelio Ernser","Muller PLC",7447,"Eum totam laborum debitis dolorem unde aut unde. Nam ad consequatur itaque tenetur est quod animi. Et qui quis quibusdam."
274,"Garrett O'Reilly","Schaden, Abbott and Huels",3903,"Explicabo ad ex quis omnis reprehenderit velit maiores. Saepe et ratione voluptatem vero. Iure nostrum commodi qui voluptas iusto et. Voluptas alias magnam dolorem facere dolorum nobis."
275,"Miss Angelita Schaden",Tillman-Rempel,7857,"Fugit rerum alias minima sint quia qui voluptate. Quae qui fuga rem qui ad. Eum doloribus qui ut debitis nam nesciunt. Dolorum fugit voluptas voluptate dolores."
276,"Tiara Kiehn DDS","Mitchell LLC",7690,"Ut ut ad corrupti nobis qui accusantium eum. Iure ut error mollitia et qui. Ut ut deserunt aperiam rem error maiores labore."
277,"Prof. Hulda Leannon",Considine-Casper,4912,"Eum sit minus similique eligendi. Dolor vero saepe odio vel. Molestiae qui praesentium voluptas dolorem veritatis quia. Et corporis libero et sunt culpa officiis voluptas."
278,"Kenton Pacocha","Schroeder, Williamson and Gulgowski",7764,"Consequuntur omnis autem assumenda molestias. Fugiat id id commodi qui dolore dolor vel. Itaque sed debitis eum voluptatem nihil corrupti enim nobis."
279,"Susana Macejkovic","Harber Inc",3868,"Expedita aut possimus quo distinctio. Optio dolores quos expedita consequatur. Porro impedit debitis et. Voluptatem voluptatum ad ut voluptatum enim molestiae vitae saepe."
280,"Clemmie Hammes","McLaughlin Group",8876,"Adipisci suscipit iure accusamus magni. Ducimus voluptatibus ad dolorum maxime rerum voluptates ipsa nam. Beatae et sunt sit repellat facilis ut ex iste."
281,"Quinn Erdman Sr.","Brown LLC",1876,"Est quo et aliquid qui eos officiis vitae. Sit adipisci sit ab dignissimos voluptas deserunt. Numquam consequatur delectus perspiciatis sit."
282,"Jarrod Lowe I","Moen PLC",5163,"Vel sequi deleniti a molestiae temporibus nisi est aut. Accusamus aut laudantium nemo eos laborum molestiae. Veniam optio ut quia. Autem minus sequi delectus voluptas."
283,"Coy Thiel",Eichmann-Blanda,1637,"Molestiae rerum id id recusandae ut. Velit sequi eligendi sint ipsam ut non voluptatem. Quam eaque at et rem delectus placeat rem."
284,"Mac Nitzsche I","Simonis, Wisozk and Heaney",2890,"Optio possimus maiores in est. Quod sit rerum id iusto asperiores cum temporibus. Molestiae rerum et aut recusandae dolor quisquam laborum."
285,"Avis Kutch","Durgan, Halvorson and Stamm",2123,"Placeat incidunt atque sapiente nam. Esse ut aut minima modi. Voluptatem voluptatibus et in amet in voluptatibus. Quidem totam odio nihil ea non aut et."
286,"Yesenia Steuber",Greenfelder-Abbott,5073,"Autem voluptates distinctio dolorum aliquam nobis. Est vitae et ea. Quod distinctio qui ut quod. Et corrupti fugit asperiores enim placeat commodi ea."
287,"Frieda Lebsack","Lowe PLC",223,"Eaque sequi dolorum et beatae sed. Autem ducimus cumque tempore blanditiis. Voluptatem quia eos aut est dicta quisquam."
